t,connected,armed,guided,manual_input,mode,system_status
0.0,False,False,False,False,,0
0.4578726291656494,True,False,False,True,CMODE(458752),3
1.4551222324371338,True,False,False,True,STABILIZED,3
2.455213785171509,True,False,False,True,STABILIZED,3
3.4561309814453125,True,False,False,True,STABILIZED,3
4.455136060714722,True,False,False,True,STABILIZED,3
5.456535339355469,True,False,False,True,STABILIZED,3
6.456829786300659,True,False,False,True,STABILIZED,3
7.456981658935547,True,False,False,True,STABILIZED,3
8.457211017608643,True,False,False,True,STABILIZED,3
9.457586288452148,True,False,False,True,STABILIZED,3
10.457805871963501,True,False,False,True,STABILIZED,3
11.458078861236572,True,False,False,True,STABILIZED,3
12.458502531051636,True,False,False,True,STABILIZED,3
13.456544399261475,True,False,False,True,STABILIZED,3
14.457782745361328,True,False,False,True,STABILIZED,3
15.457850694656372,True,False,False,True,STABILIZED,3
16.457239866256714,True,False,False,True,STABILIZED,3
17.45848321914673,True,False,False,True,STABILIZED,3
18.45877480506897,True,False,False,True,STABILIZED,3
19.460704565048218,True,False,False,True,STABILIZED,3
20.458406925201416,True,False,False,True,STABILIZED,3
21.459654331207275,True,False,False,True,STABILIZED,3
22.459904670715332,True,False,False,True,STABILIZED,3
23.462779760360718,True,False,False,True,STABILIZED,3
24.462192058563232,True,False,False,True,STABILIZED,3
25.45970916748047,True,False,False,True,STABILIZED,3
26.460893154144287,True,False,False,True,STABILIZED,3
27.460512399673462,True,False,False,True,STABILIZED,3
28.460468530654907,True,False,False,True,STABILIZED,3
29.462925910949707,True,False,False,True,STABILIZED,3
30.46088719367981,True,False,False,True,STABILIZED,3
31.462580680847168,True,False,False,True,STABILIZED,3
32.46402406692505,True,False,False,True,STABILIZED,3
33.46207594871521,True,False,False,True,STABILIZED,3
34.46285533905029,True,False,False,True,STABILIZED,3
35.46206831932068,True,False,False,True,STABILIZED,3
36.46335029602051,True,False,False,True,STABILIZED,3
37.46470808982849,True,False,False,True,STABILIZED,3
38.4627902507782,True,False,False,True,STABILIZED,3
39.46564197540283,True,False,False,True,STABILIZED,3
40.46684813499451,True,False,False,True,STABILIZED,3
41.46271896362305,True,False,False,True,STABILIZED,3
42.458545207977295,True,False,False,True,STABILIZED,3
43.45347476005554,True,False,False,True,STABILIZED,3
44.450835943222046,True,False,False,True,STABILIZED,3
45.447713136672974,True,False,False,True,STABILIZED,3
46.443946838378906,True,False,False,True,STABILIZED,3
47.43841052055359,True,False,False,True,STABILIZED,3
48.434731006622314,True,False,False,True,STABILIZED,3
49.43247199058533,True,False,False,True,STABILIZED,3
50.42999625205994,True,False,False,True,STABILIZED,3
51.42480182647705,True,False,False,True,STABILIZED,3
52.4225800037384,True,False,False,True,STABILIZED,3
53.41953206062317,True,False,False,True,STABILIZED,3
54.41651463508606,True,False,False,True,STABILIZED,3
55.412914752960205,True,False,False,True,STABILIZED,3
56.409910678863525,True,False,False,True,STABILIZED,3
57.40826439857483,True,False,False,True,STABILIZED,3
58.4065580368042,True,False,False,True,STABILIZED,3
59.40400958061218,True,False,False,True,STABILIZED,3
60.399508237838745,True,False,False,True,STABILIZED,3
61.39732599258423,True,False,False,True,STABILIZED,3
62.396244525909424,True,False,False,True,STABILIZED,3
63.39451551437378,True,False,False,True,STABILIZED,3
64.39112424850464,True,False,False,True,STABILIZED,3
65.38987994194031,True,False,False,True,STABILIZED,3
66.38582563400269,True,False,False,True,STABILIZED,3
67.38491225242615,True,False,False,True,STABILIZED,3
68.38311576843262,True,False,False,True,STABILIZED,3
69.38477754592896,True,False,False,True,STABILIZED,3
70.37888789176941,True,False,False,True,STABILIZED,3
71.37794256210327,True,False,False,True,STABILIZED,3
72.37423610687256,True,False,False,True,STABILIZED,3
73.374582529068,True,False,False,True,STABILIZED,3
74.37270331382751,True,False,False,True,STABILIZED,3
75.36925029754639,True,False,False,True,STABILIZED,3
76.36911845207214,True,False,False,True,STABILIZED,3
77.36791491508484,True,False,False,True,STABILIZED,3
78.3645179271698,True,False,False,True,STABILIZED,3
79.36408162117004,True,False,False,True,STABILIZED,3
80.3634135723114,True,False,False,True,STABILIZED,3
81.36010360717773,True,False,False,True,STABILIZED,3
82.36016464233398,True,False,False,True,STABILIZED,3
83.35934042930603,True,False,False,True,STABILIZED,3
84.35603499412537,True,False,False,True,STABILIZED,3
85.35651636123657,True,False,False,True,STABILIZED,3
86.35563230514526,True,False,False,True,STABILIZED,3
87.35231709480286,True,False,False,True,STABILIZED,3
88.3523223400116,True,False,False,True,STABILIZED,3
89.35178685188293,True,False,False,True,STABILIZED,3
90.35083436965942,True,False,False,True,STABILIZED,3
91.35007882118225,True,False,False,True,STABILIZED,3
92.34653425216675,True,False,False,True,STABILIZED,3
93.34904503822327,True,False,False,True,STABILIZED,3
94.3459198474884,True,False,False,True,STABILIZED,3
95.34558343887329,True,False,False,True,STABILIZED,3
96.34474396705627,True,False,False,True,STABILIZED,3
97.34283351898193,True,False,False,True,STABILIZED,3
98.34096169471741,True,False,False,True,STABILIZED,3
99.33958840370178,True,False,False,True,STABILIZED,3
100.3418140411377,True,False,False,True,STABILIZED,3
101.33780694007874,True,False,False,True,STABILIZED,3
102.33697390556335,True,False,False,True,STABILIZED,3
103.33737564086914,True,False,False,True,STABILIZED,3
104.33743095397949,True,False,False,True,STABILIZED,3
105.33479142189026,True,False,False,True,STABILIZED,3
106.33500742912292,True,False,False,True,STABILIZED,3
107.33617305755615,True,False,False,True,STABILIZED,3
108.33250832557678,True,False,False,True,STABILIZED,3
109.33266162872314,True,False,False,True,STABILIZED,3
110.33210682868958,True,False,False,True,STABILIZED,3
111.33548927307129,True,False,False,True,STABILIZED,3
112.33150434494019,True,False,False,True,STABILIZED,3
113.32992887496948,True,False,False,True,STABILIZED,3
114.33351159095764,True,False,False,True,STABILIZED,3
115.32853317260742,True,False,False,True,STABILIZED,3
116.32810282707214,True,False,False,True,STABILIZED,3
117.32733106613159,True,False,False,True,STABILIZED,3
118.32818078994751,True,False,False,True,STABILIZED,3
119.32529354095459,True,False,False,True,STABILIZED,3
120.32541990280151,True,False,False,True,STABILIZED,3
121.32586717605591,True,False,False,True,STABILIZED,3
122.32607793807983,True,False,False,True,STABILIZED,3
123.32459354400635,True,False,False,True,STABILIZED,3
124.3220887184143,True,False,False,True,STABILIZED,3
125.32247114181519,True,False,False,True,STABILIZED,3
126.32218098640442,True,False,False,True,STABILIZED,3
127.32045340538025,True,False,False,True,STABILIZED,3
128.32162880897522,True,False,False,True,STABILIZED,3
129.31941270828247,True,False,False,True,STABILIZED,3
130.32177925109863,True,False,False,True,STABILIZED,3
131.32067441940308,True,False,False,True,STABILIZED,3
132.31989240646362,True,False,False,True,STABILIZED,3
133.31735563278198,True,False,False,True,STABILIZED,3
134.31809258460999,True,False,False,True,STABILIZED,3
135.31836795806885,True,False,False,True,STABILIZED,3
136.3163149356842,True,False,False,True,STABILIZED,3
137.3176245689392,True,False,False,True,STABILIZED,3
138.3173975944519,True,False,False,True,STABILIZED,3
139.31707739830017,True,False,False,True,STABILIZED,3
140.31434154510498,True,False,False,True,STABILIZED,3
141.3154742717743,True,False,False,True,STABILIZED,3
142.31353640556335,True,False,False,True,STABILIZED,3
143.31394243240356,True,False,False,True,STABILIZED,3
144.31361317634583,True,False,False,True,STABILIZED,3
145.31446146965027,True,False,False,True,STABILIZED,3
146.31151866912842,True,False,False,True,STABILIZED,3
147.31319427490234,True,False,False,True,STABILIZED,3
148.31274604797363,True,False,False,True,STABILIZED,3
149.31092286109924,True,False,False,True,STABILIZED,3
150.31216430664062,True,False,False,True,STABILIZED,3
151.31197381019592,True,False,False,True,STABILIZED,3
152.31011843681335,True,False,False,True,STABILIZED,3
153.309885263443,True,False,False,True,STABILIZED,3
154.31168627738953,True,False,False,True,STABILIZED,3
155.30920004844666,True,False,False,True,STABILIZED,3
156.30979108810425,True,False,False,True,STABILIZED,3
157.30937480926514,True,False,False,True,STABILIZED,3
158.30817484855652,True,False,False,True,STABILIZED,3
159.31467032432556,True,False,False,True,STABILIZED,3
160.30663204193115,True,False,False,True,STABILIZED,3
161.3073592185974,True,False,False,True,STABILIZED,3
162.30759000778198,True,False,False,True,STABILIZED,3
163.30653834342957,True,False,False,True,STABILIZED,3
164.30769228935242,True,False,False,True,STABILIZED,3
165.30687761306763,True,False,False,True,STABILIZED,3
166.30754446983337,True,False,False,True,STABILIZED,3
167.3057827949524,True,False,False,True,STABILIZED,3
168.30552530288696,True,False,False,True,STABILIZED,3
169.3040804862976,True,False,False,True,STABILIZED,3
170.30983185768127,True,False,False,True,STABILIZED,3
171.3128147125244,True,False,False,True,STABILIZED,3
172.31822443008423,True,False,False,True,STABILIZED,3
173.3232638835907,True,False,False,True,STABILIZED,3
174.32643032073975,True,False,False,True,STABILIZED,3
175.33013772964478,True,False,False,True,STABILIZED,3
176.33461546897888,True,False,False,True,STABILIZED,3
177.33615231513977,True,False,False,True,STABILIZED,3
178.34096145629883,True,False,False,True,STABILIZED,3
179.34562277793884,True,False,False,True,STABILIZED,3
180.34634041786194,True,False,False,True,STABILIZED,3
181.3506624698639,True,False,False,True,STABILIZED,3
182.35518288612366,True,False,False,True,STABILIZED,3
183.35783100128174,True,False,False,True,STABILIZED,3
184.35869002342224,True,False,False,True,STABILIZED,3
185.36285734176636,True,False,False,True,STABILIZED,3
186.3662919998169,True,False,False,True,STABILIZED,3
187.37127995491028,True,True,False,True,STABILIZED,4
188.371666431427,True,True,False,True,STABILIZED,4
189.37414026260376,True,True,False,True,STABILIZED,4
190.37709522247314,True,True,False,True,STABILIZED,4
191.37701416015625,True,True,False,True,STABILIZED,4
192.381356716156,True,True,False,True,STABILIZED,4
193.38391041755676,True,True,False,True,STABILIZED,4
194.38473558425903,True,True,False,True,STABILIZED,4
195.38689804077148,True,False,False,True,STABILIZED,3
196.38893604278564,True,False,False,True,STABILIZED,3
197.39039063453674,True,False,False,True,STABILIZED,3
198.39219665527344,True,False,False,True,STABILIZED,3
199.39513993263245,True,False,False,True,STABILIZED,3
200.39792251586914,True,False,False,True,STABILIZED,3
201.39792919158936,True,False,False,True,STABILIZED,3
202.39948272705078,True,False,False,True,STABILIZED,3
203.40215182304382,True,False,False,True,STABILIZED,3
204.40391564369202,True,False,False,True,STABILIZED,3
205.40659642219543,True,False,False,True,STABILIZED,3
206.40634560585022,True,False,False,True,STABILIZED,3
207.4078176021576,True,False,False,True,STABILIZED,3
208.4102704524994,True,False,False,True,STABILIZED,3
209.41279458999634,True,False,False,True,STABILIZED,3
210.41255402565002,True,False,False,True,STABILIZED,3
211.4171028137207,True,False,False,True,STABILIZED,3
212.41534614562988,True,False,False,True,STABILIZED,3
213.4292449951172,True,False,False,True,STABILIZED,3
214.4194631576538,True,False,False,True,STABILIZED,3
215.42089915275574,True,True,False,True,STABILIZED,4
216.4200246334076,True,True,False,True,STABILIZED,4
217.42326951026917,True,True,False,True,STABILIZED,4
218.42320275306702,True,True,False,True,STABILIZED,4
219.42442655563354,True,True,False,True,STABILIZED,4
220.42466616630554,True,True,False,True,STABILIZED,4
221.42772459983826,True,True,False,True,STABILIZED,4
222.42772245407104,True,True,False,True,STABILIZED,4
223.4299614429474,True,True,False,True,STABILIZED,4
224.43127131462097,True,True,False,True,STABILIZED,4
225.43267798423767,True,True,False,True,STABILIZED,4
226.4318811893463,True,True,False,True,STABILIZED,4
227.4324562549591,True,True,False,True,STABILIZED,4
228.43500018119812,True,True,False,True,STABILIZED,4
229.43451714515686,True,True,False,True,STABILIZED,4
230.43455028533936,True,True,False,True,STABILIZED,4
231.43913650512695,True,True,False,True,STABILIZED,4
232.43706250190735,True,True,False,True,STABILIZED,4
233.442556142807,True,True,False,True,STABILIZED,4
234.43961811065674,True,True,False,True,STABILIZED,4
235.44135642051697,True,True,False,True,STABILIZED,4
236.43940353393555,True,True,False,True,STABILIZED,4
237.44196891784668,True,True,False,True,STABILIZED,4
238.44287395477295,True,True,False,True,STABILIZED,4
239.4415717124939,True,True,False,True,STABILIZED,4
240.44523668289185,True,True,False,True,STABILIZED,4
241.44440937042236,True,True,False,True,STABILIZED,4
242.44556307792664,True,False,False,True,STABILIZED,3
243.4454128742218,True,False,False,True,STABILIZED,3
244.4472577571869,True,False,False,True,STABILIZED,3
245.44670343399048,True,False,False,True,STABILIZED,3
246.44782161712646,True,False,False,True,STABILIZED,3
247.4481647014618,True,False,False,True,STABILIZED,3
248.44886231422424,True,False,False,True,STABILIZED,3
249.45003032684326,True,False,False,True,STABILIZED,3
250.45286226272583,True,False,False,True,STABILIZED,3
251.4504325389862,True,False,False,True,STABILIZED,3
252.45199179649353,True,False,False,True,STABILIZED,3
253.45090293884277,True,False,False,True,STABILIZED,3
254.45439791679382,True,False,False,True,STABILIZED,3
255.45335483551025,True,False,False,True,STABILIZED,3
256.4528248310089,True,False,False,True,STABILIZED,3
257.45344376564026,True,False,False,True,STABILIZED,3
258.4552240371704,True,False,False,True,STABILIZED,3
259.4563114643097,True,False,False,True,STABILIZED,3
260.45428705215454,True,False,False,True,STABILIZED,3
261.45558762550354,True,False,False,True,STABILIZED,3
262.4575123786926,True,False,False,True,STABILIZED,3
263.45652079582214,True,False,False,True,STABILIZED,3
264.4561915397644,True,True,False,True,STABILIZED,4
265.45851016044617,True,True,False,True,STABILIZED,4
266.4589865207672,True,True,False,True,STABILIZED,4
267.4610586166382,True,True,False,True,STABILIZED,4
268.45788979530334,True,True,False,True,STABILIZED,4
269.4613299369812,True,True,False,True,STABILIZED,4
270.46110796928406,True,True,False,True,STABILIZED,4
271.4603729248047,True,True,False,True,STABILIZED,4
272.4597680568695,True,True,False,True,STABILIZED,4
273.46308732032776,True,True,False,True,STABILIZED,4
274.46227288246155,True,True,False,True,STABILIZED,4
275.4617383480072,True,True,False,True,STABILIZED,4
276.46146750450134,True,True,False,True,STABILIZED,4
277.4634289741516,True,True,False,True,STABILIZED,4
278.46284198760986,True,True,False,True,STABILIZED,4
279.4624333381653,True,True,False,True,STABILIZED,4
280.46549701690674,True,True,False,True,STABILIZED,4
281.46462082862854,True,True,False,True,STABILIZED,4
282.4678008556366,True,True,False,True,STABILIZED,4
283.46598172187805,True,True,False,True,STABILIZED,4
284.46512174606323,True,True,False,True,STABILIZED,4
285.46507501602173,True,True,False,True,STABILIZED,4
286.46716833114624,True,True,False,True,STABILIZED,4
287.46652936935425,True,True,False,True,STABILIZED,4
288.4662914276123,True,True,False,True,STABILIZED,4
289.46842312812805,True,True,False,True,STABILIZED,4
290.4676296710968,True,True,False,True,STABILIZED,4
291.46689915657043,True,True,False,True,STABILIZED,4
292.46723318099976,True,False,False,True,STABILIZED,3
293.4677109718323,True,False,False,True,STABILIZED,3
294.4699923992157,True,False,False,True,STABILIZED,3
295.46929454803467,True,False,False,True,STABILIZED,3
296.4709074497223,True,False,False,True,STABILIZED,3
297.4689540863037,True,False,False,True,STABILIZED,3
298.47033524513245,True,False,False,True,STABILIZED,3
299.4695656299591,True,False,False,True,STABILIZED,3
300.4729359149933,True,False,False,True,STABILIZED,3
301.4721655845642,True,False,False,True,STABILIZED,3
302.47224950790405,True,False,False,True,STABILIZED,3
303.4707508087158,True,False,False,True,STABILIZED,3
304.4789078235626,True,False,False,True,STABILIZED,3
305.4736394882202,True,False,False,True,STABILIZED,3
306.47135376930237,True,False,False,True,STABILIZED,3
307.4737696647644,True,False,False,True,STABILIZED,3
308.4742317199707,True,False,False,True,STABILIZED,3
309.472781419754,True,False,False,True,STABILIZED,3
310.47473669052124,True,False,False,True,STABILIZED,3
311.47489619255066,True,False,False,True,STABILIZED,3
312.47398948669434,True,False,False,True,STABILIZED,3
313.4761562347412,True,False,False,True,STABILIZED,3
314.4765148162842,True,False,False,True,STABILIZED,3
315.4754796028137,True,False,False,True,STABILIZED,3
316.47619915008545,True,False,False,True,STABILIZED,3
317.4768922328949,True,False,False,True,STABILIZED,3
318.4749526977539,True,False,False,True,STABILIZED,3
319.47685742378235,True,False,False,True,STABILIZED,3
